<application>
  <component name="MaterialThemeConfig">
    <option name="contrastMode" value="true" />
    <option name="highContrast" value="true" />
    <option name="allowDataCollection" value="true" />
    <option name="isContrastMode" value="true" />
    <option name="isHighContrast" value="true" />
    <option name="isWizardShown" value="true" />
    <option name="pristineConfig" value="false" />
    <option name="accentColor" value="7e57c2" />
    <option name="selectedTheme" value="NIGHT_OWL" />
    <option name="userId" value="7c48dab6:17626b23996:-8000" />
    <option name="version" value="5.2.0" />
  </component>
</application>